4393,2,1
3514,0,0
642,0,0
4805,0,0
13534,7,3
5352,1,0
18778,11,5
3372,0,0
8951,1,1
19461,15,10
17018,0,0
13776,0,0
5835,0,0
4245,1,1
13058,0,0
14803,1,0
9953,2,0
10868,1,1
19891,11,10
16043,0,0
15675,0,0
2356,4,4
4555,0,0
20208,5,2
10518,0,0
6869,0,0
1515,0,0
11523,0,0
17026,0,0
20575,8,8
11049,0,0
1409,0,0
6925,6,4
4305,2,1
9790,3,2
6347,0,0
18323,1,1
13589,0,0
3164,0,0
16732,0,0
16390,0,0
3604,5,4
20754,48,46
11723,0,0
9056,6,4
15791,0,0
6304,3,2
12039,0,0
3160,2,0
19929,25,17
6706,1,0
8814,0,0
21446,47,43
13916,1,1
4155,0,0
3330,1,0
9242,3,2
17414,0,0
21933,35,31
16561,0,0
17455,0,0
2190,0,0
3262,3,1
3973,3,3
10391,0,0
15579,0,0
1738,0,0
10649,2,0
8218,0,0
9305,3,0
5921,5,5
2182,0,0
12893,0,0
18743,15,12
12910,3,0
1036,0,0
7358,0,0
2664,0,0
912,4,3
3524,0,0
15623,6,3
15935,0,0
21661,41,41
3076,0,0
3222,0,0
20295,5,2
10627,0,0
19534,7,4
10869,0,0
15259,8,4
4134,3,0
16159,0,0
154,2,2
6003,0,0
16064,0,0
11887,0,0
4864,0,0
20802,16,16
3421,0,0
7162,0,0
10904,0,0
19262,5,1
8306,0,0
1939,0,0
11855,0,0
20088,4,1
18055,0,0
9625,0,0
6727,0,0
2948,0,0
11340,0,0
19604,12,10
13898,5,2
9548,0,0
14962,0,0
360,3,1
3715,0,0
11224,2,1
19664,15,10
12769,0,0
15958,0,0
16706,0,0
7564,2,0
11692,0,0
4185,0,0
13815,0,0
15625,3,1
15664,0,0
21959,20,13
9329,4,2
15644,0,0
6680,0,0
5429,0,0
2097,0,0
10968,2,0
7888,1,1
13729,0,0
15122,0,0
12337,3,1
18745,8,1
18654,39,36
5646,0,0
5278,0,0
21778,8,8
17320,0,0
18630,12,6
3075,0,0
16321,0,0
8251,0,0
784,4,1
7109,0,0
20478,5,4
13449,0,0
21574,33,29
7501,0,0
687,4,1
1346,0,0
7392,0,0
21404,8,7
9787,0,0
19732,2,0
17591,0,0
2655,0,0
2885,2,2
2831,7,4
5439,1,0
16372,4,2
16731,0,0
12385,10,6
9466,2,1
8120,1,0
8096,0,0
721,4,1
10406,0,0
17374,3,0
11526,2,0
11213,1,0
9626,0,0
13893,0,0
12140,1,0
9609,0,0
4714,0,0
7073,0,0
7528,0,0
5707,0,0
5869,0,0
2087,1,0
6510,0,0
1931,0,0
11452,1,1
1124,0,0
3248,0,0
20121,16,16
2307,0,0
14794,0,0
18810,6,2
1652,0,0
5029,2,0
18170,0,0
16921,5,0
6593,0,0
2401,0,0
8484,1,1
5408,2,0
12698,0,0
20309,7,6
11668,2,1
17287,2,0
15108,2,1
5755,0,0
1719,0,0
20777,3,1
13541,0,0
21262,18,15
12048,0,0
10823,0,0
5849,1,0
3728,6,2
15981,0,0
10157,0,0
5844,0,0
8891,1,1
6687,0,0
15248,1,0
21996,16,14
3615,2,0
2610,2,0
21614,7,3
4432,0,0
1374,0,0
3287,1,0
13425,1,0
20573,19,16
17135,0,0
3806,4,0
19907,8,8
6252,0,0
5786,0,0
19137,5,2
2871,0,0
21841,117,113
10920,0,0
21951,17,14
11604,6,3
14993,7,4
15175,0,0
2993,0,0
10782,0,0
8613,1,1
4736,1,1
4321,1,0
6691,0,0
8529,1,1
7486,3,3
16632,0,0
10233,0,0
20018,30,26
21799,25,22
172,3,1
2920,2,1
19691,6,0
19258,8,6
16402,1,0
13590,1,0
14774,1,1
9393,0,0
11655,0,0
18434,0,0
13948,2,1
17064,9,4
3657,0,0
4026,0,0
10816,8,7
21640,7,1
16122,0,0
15667,1,0
21943,118,113
15450,0,0
3807,1,1
8520,0,0
7303,0,0
14937,0,0
3212,0,0
14304,1,1
15978,1,1
3986,0,0
2959,1,0
7862,0,0
18661,6,2
2380,0,0
13728,0,0
3820,1,0
7422,6,6
15949,2,1
12799,0,0
16164,0,0
9491,1,0
15389,8,4
21808,16,7
21370,11,11
19212,12,8
10831,1,0
14064,9,1
6218,0,0
12126,0,0
17794,1,1
21956,27,22
8038,1,0
16824,0,0
17482,3,0
21548,24,22
19410,19,16
43,1,1
13530,11,9
1396,1,0
10567,2,1
117,0,0
12425,1,1
7623,0,0
3031,0,0
12024,2,1
13104,0,0
4821,2,1
2402,0,0
13208,0,0
21832,71,71
5806,0,0
12586,0,0
15155,8,6
1452,0,0
3719,9,8
21759,12,4
6479,0,0
16636,3,1
5866,1,0
6217,6,5
19778,4,4
3158,1,0
21045,51,49
5042,8,4
8263,0,0
13998,1,0
12755,0,0
10957,0,0
4013,1,0
16980,0,0
21373,13,10
15242,0,0
16061,0,0
8108,0,0
13712,0,0
7113,0,0
589,3,1
19772,7,6
6065,4,2
11795,1,0
9065,3,2
14228,2,1
18347,0,0
2353,0,0
13422,0,0
8554,0,0
8812,1,1
10966,1,0
3507,3,3
6467,13,9
10854,0,0
15757,3,3
15580,0,0
14723,0,0
8551,0,0
20281,18,16
12940,0,0
1200,0,0
14742,0,0
11139,0,0
7100,0,0
7692,2,1
21767,7,6
18162,0,0
9403,0,0
14075,0,0
4573,0,0
8124,0,0
20403,15,12
1064,0,0
2286,2,1
19979,6,1
5124,1,0
12738,0,0
11742,1,0
9812,0,0
16335,2,0
12892,0,0
7332,0,0
10900,1,1
16651,0,0
5400,0,0
3400,3,3
9163,1,1
16207,0,0
10394,0,0
6683,0,0
15889,0,0
16222,3,2
77,0,0
18832,5,0
19426,10,6
3969,0,0
12902,0,0
12908,1,1
2251,1,0
20555,5,4
4480,0,0
5137,5,4
3858,4,2
19558,39,39
12229,0,0
13460,1,1
4046,0,0
1810,0,0
14139,12,10
21351,16,11
19983,9,4
11973,0,0
12591,8,5
836,0,0
5645,0,0
20142,4,1
846,1,1
8379,1,1
9333,0,0
2338,0,0
20637,19,18
1245,7,4
18374,1,1
6618,1,0
6554,4,3
15816,0,0
17229,13,6
21544,17,15
2261,4,4
13173,6,4
20811,7,3
12339,2,2
7371,0,0
6874,0,0
18338,2,1
21083,11,8
11946,0,0
15489,1,0
1837,10,5
5769,5,1
6914,0,0
2139,0,0
2832,0,0
16623,0,0
13877,1,0
21629,15,14
14431,2,0
12542,1,1
9579,0,0
1197,0,0
17466,0,0
6754,0,0
19486,10,5
3414,2,1
14227,0,0
21891,39,36
4467,0,0
14509,0,0
1798,0,0
21362,49,47
2537,0,0
970,7,6
4225,0,0
1146,1,1
20379,38,33
19181,8,6
21347,5,1
12712,1,0
20713,4,2
14838,1,1
1594,2,1
14845,0,0
11164,0,0
4829,4,3
19630,12,10
16601,0,0
21500,23,19
7934,3,2
8958,7,6
18554,8,2
10280,2,1
8899,0,0
14823,0,0
5542,0,0
13399,2,0
11091,0,0
20515,3,0
18803,4,1
13183,1,0
21358,13,11
3765,1,1
10056,0,0
2617,1,0
14337,0,0
734,9,5
15706,0,0
20380,67,63
1839,0,0
18866,22,19
2744,0,0
10297,0,0
16117,0,0
17099,0,0
988,3,0
20708,4,0
10893,5,2
11743,15,12
9103,3,1
14543,8,6
3989,2,2
17449,0,0
10576,0,0
3944,0,0
21003,54,52
15441,1,0
7784,12,8
9805,0,0
9175,0,0
7963,0,0
8089,0,0
17143,2,0
17624,0,0
16348,5,2
13509,0,0
12801,1,0
12050,0,0
2103,0,0
16680,4,0
10060,0,0
47,0,0
12554,0,0
14444,0,0
5428,0,0
1455,0,0
15054,0,0
13824,1,1
4475,0,0
5057,0,0
19147,18,15
14049,0,0
619,3,0
14899,2,0
16209,0,0
7580,0,0
6362,0,0
13915,3,0
15596,0,0
16316,2,1
12295,0,0
1534,11,10
7568,2,2
8252,1,1
18426,0,0
19997,10,6
15814,0,0
5625,0,0
1382,0,0
20334,16,14
21189,13,10
13537,0,0
15437,2,1
9707,1,1
9520,0,0
7143,0,0
13714,0,0
4955,2,0
1264,0,0
8811,0,0
20029,5,0
21617,13,8
19447,14,11
10702,0,0
16383,16,16
11009,0,0
9741,1,0
5160,0,0
21203,4,0
89,4,2
21578,15,10
5942,0,0
4402,1,0
5334,2,0
15019,0,0
19174,9,7
4628,1,0
12289,0,0
13578,0,0
8698,0,0
5412,0,0
13788,0,0
11713,0,0
14183,5,4
8876,1,0
18757,9,7
15833,2,1
2153,0,0
19267,14,13
16805,0,0
221,0,0
2111,0,0
18353,1,0
11022,0,0
19325,18,17
19794,18,17
4826,10,7
50,0,0
18423,0,0
9227,0,0
5337,0,0
1864,9,6
1301,2,1
9379,1,0
1583,1,1
4521,0,0
17190,0,0
21283,20,18
17581,3,0
11547,1,0
17869,2,0
4817,0,0
3802,6,3
9490,0,0
8426,1,1
11962,0,0
4311,1,1
3876,3,2
4436,1,1
17575,0,0
16340,0,0
3871,0,0
7060,1,1
18062,0,0
4098,0,0
10537,1,0
5890,1,0
6143,0,0
1189,0,0
18388,3,3
19655,10,10
8309,0,0
8323,0,0
20473,11,11
6953,0,0
3219,5,3
10760,0,0
3737,1,1
12697,8,6
5086,1,1
2868,2,0
10402,1,0
7655,2,1
9598,0,0
6581,0,0
21788,4,1
16710,0,0
16069,16,13
13057,0,0
14258,0,0
3999,0,0
4006,0,0
4636,0,0
8494,0,0
20198,18,14
12099,0,0
5242,6,5
5857,0,0
2750,1,0
8777,0,0
14497,5,5
8370,0,0
13303,2,2
5338,0,0
5829,1,1
21946,125,123
16708,1,0
9155,0,0
2163,5,2
9111,0,0
19449,33,31
9755,2,2
9957,0,0
14242,8,4
8649,0,0
12992,0,0
6888,3,1
474,4,4
21562,11,6
20880,3,0
2328,0,0
4614,0,0
8589,1,0
5632,1,0
3698,0,0
16219,31,24
1624,0,0
19417,3,3
774,7,1
11012,0,0
13764,1,0
4724,0,0
21701,17,8
20164,20,18
16533,0,0
13246,1,0
2722,0,0
20277,30,24
3841,2,1
4483,0,0
12739,1,1
15679,1,1
1253,0,0
19130,3,1
11460,4,1
17910,0,0
20790,20,11
10794,2,1
2586,7,6
4023,3,2
15198,1,0
9745,4,4
1152,0,0
20143,19,15
10378,4,3
14785,2,0
11534,0,0
8547,0,0
8948,0,0
9450,0,0
4140,0,0
15992,0,0
4927,3,0
21306,4,1
21488,13,11
4575,1,0
20015,6,3
17934,0,0
17235,0,0
19933,8,7
6919,0,0
15035,0,0
16058,2,2
3502,2,1
12929,4,1
18591,17,14
6505,0,0
15067,0,0
14369,1,0
16328,0,0
15917,0,0
14143,0,0
16801,0,0
7636,0,0
19075,16,15
11036,0,0
18481,0,0
21280,18,15
12830,0,0
14473,9,3
19828,11,7
18504,42,37
11760,0,0
17048,0,0
8599,1,1
10238,0,0
11756,0,0
14358,0,0
15215,3,1
15335,0,0
9868,3,2
2224,0,0
12849,0,0
5068,0,0
21652,12,10
12958,2,0
13455,20,19
4838,0,0
21948,63,63
19898,11,5
18000,0,0
14608,2,0
1753,1,1
15726,6,4
5262,0,0
10573,0,0
16431,0,0
7675,0,0
16993,0,0
5129,0,0
4478,12,12
6288,0,0
7699,0,0
13167,0,0
7626,0,0
21240,13,12
17879,0,0
11141,0,0
3674,7,3
9589,5,2
9687,1,1
13410,2,0
12544,0,0
4186,0,0
18076,0,0
2628,7,7
14776,0,0
19920,7,2
6728,0,0
8582,0,0
16302,2,2
2215,0,0
1383,0,0
5968,0,0
6381,0,0
11630,3,2
17189,1,0
16300,0,0
12405,4,1
12293,0,0
17881,1,0
8974,0,0
13373,0,0
17696,0,0
20213,15,13
14932,0,0
18454,0,0
4893,6,2
9772,0,0
8013,0,0
8045,0,0
11158,0,0
11759,0,0
3305,0,0
19551,6,5
15205,21,20
19584,38,37
14364,0,0
21074,21,19
13861,0,0
2085,0,0
8536,3,3
18837,18,15
12172,0,0
9243,9,8
257,0,0
12770,3,1
275,0,0
9712,1,0
12251,0,0
2726,0,0
18558,23,21
21849,25,19
10637,1,1
17461,0,0
9642,3,0
6275,0,0
10668,1,1
21065,7,2
21051,34,33
9168,0,0
8348,8,4
11236,0,0
12798,6,6
10744,0,0
398,4,0
3787,4,1
9646,0,0
2521,0,0
7245,4,1
16389,3,0
8060,0,0
6072,0,0
10572,0,0
16448,2,0
9660,0,0
8828,5,2
2975,0,0
18253,0,0
6373,0,0
14854,0,0
19093,10,7
9878,0,0
3947,1,0
19064,6,1
5292,2,1
13802,1,1
6642,0,0
5862,1,1
7167,0,0
8677,3,0
18672,18,15
16257,0,0
20609,4,1
311,1,0
16021,0,0
21467,5,3
20569,18,17
5582,3,1
18756,9,1
9656,0,0
8342,0,0
7455,0,0
14499,5,5
7811,4,4
8438,2,1
18077,1,1
5339,0,0
4709,0,0
10323,0,0
18165,4,1
1723,0,0
15758,0,0
8461,4,2
15180,1,1
22008,22,18
9633,0,0
6644,2,1
8831,1,0
20357,24,19
20720,29,25
15751,1,0
827,4,3
2485,0,0
15666,0,0
3826,0,0
9863,0,0
20498,16,14
14773,1,0
6343,0,0
1568,0,0
14218,2,1
3783,0,0
13254,1,1
17800,0,0
20995,41,34
6455,0,0
12512,2,2
9996,0,0
10791,4,1
2359,0,0
3668,0,0
3060,0,0
8765,0,0
13417,0,0
16612,0,0
21796,6,1
8615,0,0
2208,0,0
13082,1,1
18386,0,0
20620,14,11
1693,0,0
5215,0,0
21828,11,5
2427,0,0
17788,0,0
1002,5,2
17215,1,1
596,0,0
21403,19,18
14072,0,0
7785,1,1
2168,1,1
13908,0,0
22005,94,93
16871,0,0
5734,2,2
6384,0,0
20054,27,27
2795,5,3
18640,16,13
8417,1,1
1488,0,0
15523,0,0
544,5,0
5896,1,0
14192,1,0
2089,3,2
17703,0,0
12193,3,0
19803,14,11
7216,0,0
3571,1,0
18620,14,12
7818,0,0
20348,4,0
19427,16,10
3417,1,1
5884,0,0
3369,0,0
10943,4,3
11765,2,1
7521,0,0
4879,2,0
16620,0,0
20475,5,3
20205,7,4
4378,3,2
13136,2,2
13170,0,0
20310,9,5
2913,0,0
18569,10,10
16733,6,3
10698,32,27
3443,1,0
11977,0,0
1334,0,0
18584,3,0
8030,0,0
7355,3,0
10117,1,0
15231,0,0
17346,2,1
21454,7,3
19279,18,14
2849,0,0
21957,19,15
3309,0,0
16196,3,1
2944,0,0
3565,0,0
11496,0,0
15738,15,13
15583,0,0
15683,0,0
8114,0,0
14173,4,2
16677,2,2
17352,6,3
3323,2,0
19349,6,5
732,5,3
5162,0,0
8576,4,3
14188,0,0
4611,1,1
7467,1,1
16263,0,0
19255,12,7
987,3,2
4057,0,0
20679,71,69
12360,0,0
8590,0,0
620,0,0
21015,118,113
13442,0,0
12581,0,0
9545,9,7
18583,9,6
13622,1,1
10750,0,0
19883,27,27
2107,5,4
3496,1,0
16719,0,0
6730,0,0
11037,0,0
8966,4,0
12286,0,0
2038,0,0
5726,3,1
14315,0,0
18181,0,0
11209,0,0
998,1,0
8194,0,0
2643,2,1
851,4,4
15601,0,0
20286,19,12
8192,2,0
9253,0,0
12396,2,1
8982,0,0
17743,0,0
18616,49,48
5523,0,0
7684,1,0
11440,1,0
15367,0,0
14722,1,0
8624,0,0
15531,0,0
6629,1,1
11517,2,0
16864,1,0
14755,0,0
2938,0,0
7886,0,0
12459,0,0
5404,0,0
439,0,0
5072,1,0
270,0,0
2033,4,2
12568,0,0
18104,0,0
15100,0,0
19937,24,22
3873,0,0
19693,6,0
20471,8,5
3135,0,0
17309,0,0
11532,4,4
6552,3,1
6808,0,0
6228,0,0
14630,0,0
9027,3,2
10264,2,0
11218,2,1
15867,0,0
242,2,1
1349,0,0
13402,1,1
16454,6,1
6897,1,1
7738,3,2
13684,0,0
7124,0,0
12486,1,0
485,2,1
11644,1,1
19148,15,13
6112,4,2
19495,12,10
2479,1,1
5263,0,0
11745,0,0
3451,2,1
8403,6,1
19925,27,24
18652,11,4
8903,0,0
9477,0,0
13936,3,1
13797,0,0
19142,21,21
16487,1,0
6398,0,0
15549,0,0
10508,1,0
11295,4,1
4646,0,0
9962,0,0
21304,47,44
298,2,1
21364,17,14
20589,9,7
4713,0,0
16375,3,0
7163,1,1
6269,1,0
16654,0,0
7256,0,0
12331,1,1
2410,1,0
9529,0,0
12007,2,0
21590,5,2
6952,0,0
19651,39,36
9412,0,0
4982,0,0
8261,1,0
13739,0,0
17918,0,0
9502,0,0
8320,0,0
2059,0,0
18952,12,8
15863,0,0
7172,0,0
19656,59,50
20024,16,13
17060,0,0
20383,14,12
16832,3,0
4398,1,0
20026,15,14
16193,0,0
8433,0,0
15834,1,0
14113,0,0
7066,1,0
8981,1,0
10143,1,1
13307,0,0
13166,1,1
1015,2,1
8819,2,2
2311,1,0
9683,1,1
13490,0,0
1026,13,12
142,2,0
3187,4,0
8264,1,1
507,2,0
4021,1,1
1911,0,0
14200,0,0
16387,0,0
4704,0,0
12960,0,0
15307,0,0
12437,2,1
3120,0,0
468,0,0
18247,1,0
22009,3,0
18183,2,1
1896,0,0
21585,28,21
713,3,0
6031,0,0
13304,1,1
21010,37,37
15413,0,0
12970,0,0
1087,0,0
425,1,0
3313,10,7
17861,0,0
371,1,1
11481,0,0
992,2,0
15228,0,0
631,2,0
18808,10,9
9222,0,0
12601,0,0
19695,27,23
16495,1,0
6477,0,0
4190,2,2
21553,36,35
4847,0,0
16847,0,0
3329,0,0
12507,2,2
7051,0,0
21509,35,35
20836,28,21
19662,17,14
11232,0,0
15237,4,1
15957,0,0
21723,10,9
7381,0,0
15621,4,1
3727,1,1
4744,2,1
5943,0,0
21151,13,6
4079,0,0
1376,0,0
348,0,0
20948,10,6
9921,0,0
20014,11,8
5919,0,0
17175,1,1
4165,0,0
2433,3,3
13496,0,0
9521,0,0
1080,0,0
7994,0,0
15538,0,0
7337,3,2
9592,3,0
11010,0,0
17969,0,0
15594,0,0
18733,7,5
14296,1,0
4162,0,0
498,1,0
11903,5,1
12845,2,0
8563,0,0
3987,3,3
6832,0,0
9949,1,0
10038,0,0
5563,0,0
3097,0,0
11006,0,0
16260,8,5
21342,4,0
6232,6,0
9651,2,1
14990,0,0
15439,1,1
11606,3,0
21735,28,28
8474,0,0
17864,1,0
6199,7,6
18345,0,0
21152,47,47
9661,0,0
21316,16,12
1987,0,0
16538,0,0
11823,0,0
16490,0,0
6431,0,0
17284,0,0
13754,0,0
12651,1,0
3587,3,1
14098,0,0
10121,3,0
8805,0,0
16436,2,1
11912,1,0
20209,19,12
11384,2,2
18243,0,0
6216,5,2
4912,0,0
9445,0,0
10713,0,0
14706,0,0
10327,0,0
9582,7,5
14340,0,0
11933,0,0
5282,0,0
3108,0,0
13974,0,0
4338,0,0
18895,12,10
2535,0,0
15774,0,0
18969,4,1
3894,0,0
10315,0,0
20527,18,11
8288,0,0
10655,1,1
9599,7,1
2746,2,0
8917,6,5
10352,0,0
13250,1,1
9080,0,0
16989,5,2
3923,0,0
8604,0,0
18934,23,23
3234,1,0
4541,0,0
21318,6,1
13638,0,0
8147,0,0
9326,0,0
20303,19,17
18084,0,0
2420,0,0
6628,0,0
5970,0,0
18034,0,0
11412,1,1
14495,1,0
10154,0,0
4811,0,0
2571,1,0
20859,13,10
6974,0,0
10885,0,0
11227,0,0
6507,0,0
12017,0,0
9228,0,0
2223,1,1
6148,0,0
8694,1,1
531,4,2
15027,2,1
16857,2,1
11874,15,12
5938,0,0
21564,22,20
13608,0,0
9061,0,0
13800,0,0
15968,5,3
17450,1,1
14238,19,16
10847,0,0
3013,3,3
6078,0,0
8663,1,0
12118,8,0
10388,0,0
18715,3,2
21197,34,29
10984,10,10
21029,17,14
6268,2,2
8446,0,0
1691,0,0
2445,0,0
11569,0,0
9876,0,0
8679,1,1
18138,1,1
8758,0,0
1393,2,2
3718,24,23
12276,0,0
9602,3,1
20115,24,17
9034,0,0
1806,4,3
2124,2,1
10166,2,1
12666,0,0
10777,1,1
20767,8,1
10183,0,0
1481,0,0
239,2,1
3148,0,0
20038,5,1
8195,5,4
20685,2,0
11937,3,1
15548,1,1
16553,6,1
17380,0,0
19985,5,2
13554,0,0
10973,0,0
18349,0,0
2140,0,0
3188,1,0
14979,0,0
14366,0,0
20067,12,9
6174,0,0
20955,13,13
13545,4,2
10811,0,0
7723,0,0
3132,0,0
19088,7,4
19219,5,4
9024,1,1
3852,0,0
20464,19,12
4113,2,0
9288,0,0
19982,6,0
9473,0,0
6844,0,0
663,3,2
9716,1,0
13349,0,0
21924,53,51
2872,0,0
4786,0,0
10030,0,0
12973,0,0
11683,2,1
16862,0,0
7652,0,0
6311,0,0
2928,10,6
10263,0,0
18169,1,0
2280,0,0
1954,0,0
8332,1,1
10478,1,1
19690,5,3
8258,0,0
20818,4,0
11107,8,6
18506,10,6
3142,0,0
9512,0,0
15218,0,0
1170,14,12
3072,0,0
7821,5,1
2514,0,0
12558,0,0
15093,0,0
18617,17,14
14610,1,1
15481,0,0
19700,7,4
12086,3,3
4003,0,0
5807,0,0
18381,0,0
12069,0,0
10380,0,0
1438,0,0
4158,0,0
16709,1,1
9828,3,0
129,11,0
13416,0,0
1904,0,0
4229,0,0
6229,0,0
12657,0,0
7243,0,0
9194,0,0
10312,42,37
21604,11,7
21868,54,52
17604,14,9
4720,1,0
5319,1,0
10296,1,0
5586,0,0
7220,4,2
1098,0,0
15241,1,0
18339,1,1
5001,9,9
3663,0,0
11652,0,0
5767,0,0
263,0,0
8910,0,0
11401,1,1
5872,0,0
12848,1,0
6748,0,0
15511,3,0
11104,0,0
8445,1,1
8049,0,0
7554,1,0
16212,0,0
9692,2,1
19506,6,1
4860,0,0
18818,18,13
18909,37,34
14404,0,0
490,6,6
19893,6,1
10493,7,7
21618,21,14
10667,0,0
22010,51,50
16415,0,0
6376,0,0
16956,0,0
17683,0,0
5141,2,2
2577,0,0
13120,17,17
6122,2,0
14066,1,0
8039,0,0
6873,0,0
2104,2,1
16973,6,4
20332,11,6
18590,18,15
15008,0,0
9641,1,0
20675,19,16
896,6,4
18400,0,0
3569,13,12
11865,3,2
3197,1,0
15294,0,0
867,3,3
15704,3,3
860,2,1
9998,1,0
15616,2,0
11679,0,0
733,7,5
8870,1,1
3520,1,0
17049,0,0
7443,3,2
790,6,4
1787,0,0
2302,0,0
10324,0,0
10583,0,0
16551,0,0
17754,0,0
21976,8,1
11861,2,1
17665,0,0
9340,4,1
4588,1,0
14185,0,0
16605,1,0
5392,0,0
18606,20,19
17990,0,0
1143,0,0
16544,0,0
19561,8,4
9836,0,0
20788,14,12
8609,0,0
14907,0,0
18264,0,0
3413,1,1
5811,0,0
255,1,0
4286,0,0
10675,0,0
16792,0,0
7344,0,0
10950,1,0
12652,0,0
1454,1,1
9167,0,0
711,4,0
19414,6,1
20361,20,19
9796,0,0
12338,0,0
20871,13,13
12656,0,0
21941,37,37
13628,1,1
13756,0,0
11136,0,0
12399,0,0
5746,0,0
1231,0,0
10407,0,0
16203,3,0
19522,17,13
4049,1,0
5579,0,0
11982,0,0
2522,0,0
2258,5,0
9844,1,0
3428,0,0
8505,0,0
6075,0,0
8941,11,10
9148,0,0
13922,2,2
6531,0,0
9070,0,0
8915,0,0
21025,6,1
12402,1,0
3525,0,0
9768,3,3
8470,1,1
21199,6,0
21038,30,24
10603,0,0
6354,1,1
2333,0,0
4645,0,0
8846,0,0
4082,0,0
341,2,0
12906,0,0
10919,0,0
16578,1,0
6291,1,0
13472,1,1
9246,0,0
8798,0,0
10293,0,0
5183,0,0
6111,0,0
16292,7,2
10049,10,4
11624,0,0
9756,0,0
4994,4,2
873,1,0
19395,11,10
7525,0,0
16810,0,0
974,3,1
4059,1,1
6538,0,0
17957,1,0
9220,1,0
18378,14,7
7846,0,0
20707,8,2
11703,1,0
13852,0,0
2681,3,2
6086,0,0
11198,0,0
7290,0,0
932,5,3
10012,0,0
18827,22,18
7086,2,0
6544,1,0
7613,1,0
13513,2,1
11799,1,0
11773,0,0
5196,0,0
20957,252,249
8999,0,0
21827,252,249
15055,0,0
2985,0,0
6847,0,0
10828,0,0
6095,0,0
16180,0,0
12122,1,1
18271,0,0
6896,1,1
2172,0,0
5719,2,2
1118,0,0
5039,1,0
15750,0,0
19753,12,8
6768,2,1
13529,0,0
18636,33,31
17278,0,0
20505,12,12
21217,25,23
3810,0,0
15043,0,0
13243,3,0
11461,1,0
8761,0,0
21666,17,10
6448,16,15
16466,0,0
9427,0,0
21468,18,14
18526,9,2
4998,0,0
12622,0,0
8142,0,0
17992,0,0
9742,1,0
1343,0,0
7352,1,1
20455,6,1
7,0,0
6363,1,0
9950,0,0
2972,0,0
12141,0,0
4739,1,1
4675,0,0
8443,2,0
7483,0,0
19407,18,17
7028,0,0
6826,2,1
16283,10,9
7979,0,0
20059,34,33
9916,0,0
15956,4,3
11294,1,0
16827,0,0
15607,0,0
20716,13,8
21658,7,4
17053,2,0
5515,0,0
5994,0,0
2692,3,2
8515,0,0
18479,0,0
5005,0,0
5879,12,9
18140,0,0
7800,1,0
4120,5,3
18267,3,3
5401,0,0
680,2,0
17617,0,0
18871,36,35
16427,0,0
116,1,1
2541,2,2
11477,0,0
3845,0,0
7318,0,0
11456,0,0
10531,0,0
616,1,0
15930,0,0
11485,0,0
18542,7,2
21290,18,17
8611,0,0
4066,1,0
15214,3,0
19856,9,7
11741,0,0
6195,1,1
16104,2,2
1329,1,0
16874,2,1
21847,9,5
3487,12,10
20116,9,5
1746,3,0
5083,0,0
11598,0,0
20182,9,4
5682,2,2
12093,1,0
10001,0,0
12620,31,26
2615,0,0
18863,11,11
9816,5,0
20956,253,247
18437,0,0
21598,18,13
19083,11,2
17295,0,0
15606,0,0
295,0,0
12901,0,0
7305,0,0
3081,3,2
8964,2,1
18977,50,49
19817,13,11
11975,6,2
149,0,0
6957,0,0
9112,0,0
9376,2,2
18281,0,0
11684,3,1
6843,0,0
15226,0,0
5589,3,1
20423,2,1
8627,0,0
1546,4,4
887,0,0
18828,8,5
10954,3,1
16330,0,0
7850,1,0
18256,0,0
7683,5,1
760,3,0
7959,1,0
16618,3,2
2956,8,4
13871,0,0
20926,7,1
3093,3,2
3814,0,0
17436,1,1
1694,2,2
12488,0,0
16484,4,2
1660,0,0
13780,0,0
8897,0,0
2837,1,0
17359,0,0
16818,4,3
17315,0,0
5614,0,0
20918,1,0
9072,1,1
15547,0,0
6733,0,0
9188,1,1
13787,1,1
5390,2,1
9407,0,0
9140,2,1
9375,2,1
5112,0,0
345,0,0
16066,0,0
19626,51,46
4576,0,0
3958,0,0
4404,0,0
15926,1,1
1141,0,0
10803,5,2
5766,0,0
5979,0,0
14674,0,0
10387,0,0
8175,0,0
5611,3,1
4508,0,0
4773,0,0
4315,0,0
14158,1,0
19872,9,5
13737,5,5
7792,0,0
8294,1,1
2873,2,0
3996,0,0
8383,2,1
4071,0,0
1796,0,0
6734,0,0
11071,0,0
7268,0,0
13828,0,0
9713,1,0
2703,3,1
5735,9,7
2538,0,0
12329,0,0
19840,14,5
21636,13,12
12236,0,0
6464,0,0
15447,1,1
8179,0,0
11004,0,0
14871,0,0
2496,0,0
11539,0,0
6725,4,3
7657,0,0
12614,4,1
8880,2,0
11178,0,0
12927,0,0
16886,0,0
5799,0,0
15950,11,7
17981,0,0
1295,0,0
21689,22,20
13661,0,0
8978,3,3
16359,0,0
19385,12,9
5480,0,0
10022,0,0
14115,6,5
17328,0,0
18700,11,10
14071,1,1
14866,2,0
11206,3,0
7326,0,0
8866,0,0
4168,3,1
12112,3,0
14090,0,0
20775,35,32
9936,1,0
13063,0,0
7836,2,2
8862,1,1
11088,0,0
2177,0,0
12532,7,7
19133,11,11
20233,10,3
7549,0,0
4115,0,0
7986,2,1
2661,1,0
3880,0,0
7137,0,0
489,0,0
6052,3,0
7878,7,7
17383,0,0
11359,1,1
2015,0,0
19849,6,3
9303,0,0
9101,3,0
1724,7,7
17322,1,0
8234,0,0
12837,0,0
17952,0,0
14917,1,1
13065,0,0
4956,0,0
7043,0,0
21396,9,1
10131,1,1
1977,3,2
10861,2,1
14106,0,0
17999,4,3
16105,0,0
569,0,0
20408,9,5
11369,0,0
19179,7,7
12935,0,0
1297,0,0
7643,0,0
18151,0,0
9263,0,0
13489,0,0
18930,6,2
1484,0,0
7620,0,0
8979,0,0
16197,21,21
13717,0,0
20922,9,5
21369,14,12
10961,0,0
5446,0,0
4473,0,0
7767,0,0
14423,17,14
15515,0,0
20076,9,7
14269,0,0
381,0,0
14384,1,1
20534,25,22
6233,0,0
13784,1,0
12504,0,0
1969,0,0
16512,0,0
10769,0,0
1878,1,0
9057,6,4
12570,4,1
13982,2,1
12063,1,0
14661,1,0
7551,5,1
18207,4,3
8226,0,0
14107,3,1
20231,4,3
657,3,0
3209,0,0
14483,0,0
11568,1,1
11758,0,0
3712,0,0
6949,0,0
4495,0,0
1082,0,0
6461,1,1
18228,0,0
4616,2,1
14915,0,0
17727,0,0
14137,0,0
12717,0,0
2964,0,0
9507,0,0
5436,0,0
1574,0,0
7598,1,0
5329,3,1
2520,5,4
279,4,2
20543,6,4
15444,4,2
8137,0,0
13046,0,0
19438,6,2
7270,1,1
21944,26,22
11075,4,4
4309,1,0
21222,20,17
12458,0,0
4176,0,0
7757,0,0
9877,0,0
17872,0,0
4462,2,1
158,2,0
3557,5,4
11406,2,1
9758,1,0
4089,0,0
1130,0,0
18760,9,6
3042,0,0
6757,1,0
1925,2,0
8435,0,0
19412,34,32
18089,0,0
21462,15,11
21571,20,19
20315,13,13
3300,3,0
19159,19,15
5945,0,0
11964,1,0
11622,0,0
1902,0,0
15693,1,0
12677,1,1
4151,1,0
21277,11,7
1428,0,0
15961,0,0
16077,1,1
12563,0,0
10285,1,1
18083,1,0
16729,2,2
17159,2,2
14896,2,1
4235,1,1
13865,1,0
15026,0,0
10860,0,0
16526,0,0
2501,0,0
4897,3,1
7952,0,0
2285,0,0
13413,0,0
218,0,0
20706,4,0
3453,0,0
11524,0,0
2910,6,2
13112,4,2
8392,4,0
18856,7,6
20964,69,67
1460,0,0
19824,9,5
4748,1,0
13123,2,1
6224,0,0
13244,1,0
13618,0,0
20990,9,6
718,2,0
21679,18,13
10785,0,0
11399,0,0
1307,0,0
16400,5,3
13944,0,0
1025,18,15
14284,1,0
20446,2,1
2530,3,1
1030,41,40
16451,1,1
1370,0,0
15620,2,1
2027,6,4
18894,9,7
1366,0,0
21783,69,67
10507,3,3
16673,0,0
1584,1,1
14700,0,0
15885,0,0
21535,14,10
8064,0,0
13695,0,0
18608,24,21
13045,0,0
15384,0,0
2647,0,0
4825,1,1
15873,0,0
8680,1,1
4925,0,0
14947,0,0
11587,1,0
17752,0,0
18473,3,3
5580,0,0
17038,9,7
5663,0,0
21385,5,2
20472,40,35
10892,0,0
9327,1,0
15042,0,0
13970,0,0
6489,0,0
16033,0,0
5082,0,0
19901,13,12
19437,5,0
9063,0,0
6989,5,5
17206,1,1
17479,0,0
6389,0,0
2393,1,1
16456,0,0
21112,14,13
18074,0,0
20585,19,16
19759,10,8
14121,0,0
20882,8,0
13703,0,0
9819,0,0
18876,21,19
9968,0,0
11390,1,1
73,5,2
16638,0,0
4828,1,1
1095,6,4
14831,2,1
15608,0,0
13946,0,0
14564,3,3
4804,4,1
10359,0,0
7128,2,1
12143,0,0
19305,5,4
7933,0,0
19831,11,8
11916,0,0
5384,3,0
12265,4,0
19830,41,41
15301,0,0
6226,1,0
5357,0,0
14314,2,2
21081,60,54
18666,8,2
17471,0,0
8600,0,0
13380,4,4
4488,0,0
8996,1,1
10062,1,1
17286,1,1
18167,0,0
4652,0,0
6611,2,0
21836,15,12
9823,0,0
10180,0,0
7842,0,0
1666,0,0
20422,3,1
703,3,2
3279,2,2
11096,1,1
597,3,2
18250,3,1
12748,2,0
5838,0,0
6975,0,0
213,1,0
4188,12,9
13570,1,0
11647,2,0
19346,5,2
20437,5,0
20451,8,4
1317,0,0
14699,0,0
13542,0,0
19471,16,7
3917,1,0
2344,0,0
7816,1,1
20549,14,13
18912,50,48
6062,0,0
17127,0,0
12065,1,0
4530,0,0
9372,0,0
16210,2,1
17927,0,0
4403,0,0
18385,1,0
8048,5,3
8931,0,0
2011,0,0
6842,0,0
3441,2,2
12931,0,0
6849,0,0
11361,2,0
2069,0,0
4551,0,0
14743,0,0
5950,0,0
13009,1,0
16418,1,1
18582,31,30
6090,0,0
2760,2,1
6776,0,0
13073,0,0
12821,5,1
6707,7,3
2649,0,0
9632,1,1
6012,0,0
5623,1,0
7258,2,2
6385,0,0
9624,3,1
15504,0,0
21761,5,0
1561,0,0
19067,29,23
15343,0,0
2318,1,1
20906,15,12
19723,21,21
725,5,3
21980,23,20
1779,0,0
17569,0,0
14865,2,1
7428,1,0
13440,0,0
7887,1,0
16386,0,0
1057,0,0
21524,11,4
1628,3,1
16933,2,0
18893,7,5
10650,0,0
11360,0,0
11421,0,0
21311,16,14
7961,0,0
7875,0,0
14982,2,0
8579,3,3
6104,0,0
1775,0,0
13340,0,0
8584,0,0
11815,2,2
14097,0,0
11704,2,1
13809,1,1
21977,26,22
8441,0,0
6142,0,0
7575,0,0
8768,1,1
9753,0,0
10028,0,0
6681,0,0
21953,9,0
7125,0,0
17610,0,0
16123,1,0
18001,0,0
16787,2,1
917,2,0
20127,8,4
14100,0,0
21317,25,22
2474,1,0
21428,51,49
3264,3,1
12654,1,1
491,4,1
3539,0,0
20229,21,21
2711,0,0
15376,1,0
5939,0,0
4883,0,0
10335,0,0
2305,2,2
19601,29,29
12816,0,0
18514,17,14
11474,0,0
14636,0,0
19247,28,22
3988,2,0
3320,7,1
21305,36,26
8176,1,1
7127,0,0
14521,0,0
20729,11,7
8602,3,1
16085,0,0
21939,41,34
6720,0,0
19621,8,2
19761,12,9
19543,13,7
21889,35,34
17559,0,0
2019,2,1
11354,0,0
4792,0,0
14322,1,0
16566,0,0
13992,2,0
1359,3,2
14761,2,2
1834,3,0
20603,15,7
21992,21,17
20285,11,8
10798,0,0
7242,1,1
1191,0,0
9312,0,0
9648,3,2
20923,3,2
9195,0,0
3146,0,0
8239,2,2
6475,0,0
19123,12,10
1563,0,0
11711,0,0
21335,6,2
10082,0,0
5887,0,0
16543,0,0
1674,1,1
8166,1,1
21344,6,3
11468,0,0
7108,0,0
12996,0,0
10938,0,0
7024,4,1
7867,0,0
18638,9,2
20636,8,4
21823,12,8
6863,1,0
10011,0,0
2719,3,2
11048,0,0
10635,0,0
9321,0,0
21643,24,22
16446,1,1
18541,24,21
1910,2,1
15685,0,0
13278,1,0
4580,1,0
16322,0,0
15472,0,0
20795,14,13
19862,15,13
20248,15,11
19488,10,6
14886,2,2
20134,9,8
3998,0,0
13818,0,0
6983,1,1
4435,1,0
13543,1,0
8786,0,0
12898,1,1
700,4,4
14538,1,0
18905,20,20
15944,0,0
20817,7,4
2558,0,0
14733,0,0
19081,15,14
17776,0,0
9179,2,2
9141,0,0
1487,0,0
20552,23,19
1061,3,2
10438,0,0
10956,3,1
4514,0,0
3672,0,0
18559,10,10
16238,0,0
19837,6,1
1236,0,0
16637,3,3
20828,26,24
21717,9,5
8477,0,0
20479,12,8
20072,7,7
19989,5,0
513,3,1
11262,0,0
810,5,4
9363,0,0
4007,0,0
5475,0,0
21660,19,12
5387,5,5
18025,0,0
9323,3,3
5524,0,0
15199,3,2
3843,1,1
9125,0,0
1734,0,0
17069,0,0
16811,0,0
18421,1,1
20227,18,17
14916,6,0
6099,0,0
14040,0,0
839,2,1
21894,50,47
12704,0,0
21715,4,0
10768,0,0
18926,28,24
21490,28,28
18227,0,0
419,3,2
19900,4,2
14191,0,0
1581,1,0
17107,0,0
16813,2,0
443,5,4
8886,2,1
1444,0,0
15274,0,0
13755,0,0
20097,4,1
18432,1,0
11612,0,0
7703,0,0
19419,6,1
359,0,0
15878,0,0
18631,18,17
18875,18,16
16073,2,0
2721,0,0
18629,5,2
9390,0,0
11299,4,2
15201,0,0
3192,4,0
16481,0,0
7288,0,0
14471,13,12
10349,0,0
18523,15,11
1089,1,0
19095,14,9
12758,0,0
8329,0,0
1814,0,0
2802,0,0
20291,37,37
7688,0,0
21838,25,22
14309,0,0
20378,22,22
7931,0,0
9249,0,0
6273,0,0
4777,4,2
13212,0,0
19605,14,14
9003,0,0
868,4,1
5105,0,0
301,2,0
2770,2,1
9989,1,1
21556,3,0
9694,0,0
19553,6,2
9970,1,1
14935,0,0
21922,114,111
256,0,0
13324,0,0
7076,3,1
13691,0,0
7826,1,1
13293,1,0
11789,1,1
10509,0,0
16173,0,0
20397,11,11
20490,20,16
4356,2,2
12471,0,0
5633,0,0
5052,0,0
15398,4,4
14934,0,0
13021,0,0
1039,3,1
2060,0,0
13351,1,0
13174,2,1
9469,0,0
7219,0,0
13720,0,0
12788,0,0
19112,24,21
1233,0,0
13955,0,0
15767,0,0
21731,8,5
8228,0,0
14656,24,24
8231,0,0
6460,0,0
1888,0,0
21328,6,2
15162,0,0
5066,0,0
14469,12,10
4153,0,0
5776,0,0
936,4,4
18382,0,0
18312,0,0
1369,0,0
4438,1,1
17704,0,0
4062,1,1
5463,0,0
10611,0,0
2994,1,0
9267,3,0
5298,1,1
15290,1,1
12812,3,2
21261,62,62
4843,4,2
2804,5,0
21053,119,117
4977,2,2
2211,1,1
13892,0,0
11561,0,0
2879,2,1
13724,0,0
16181,1,0
16776,2,0
5771,1,0
16859,0,0
20666,11,7
12210,7,5
16700,0,0
308,0,0
19275,6,0
691,4,3
9513,0,0
20762,8,5
19945,23,18
13812,0,0
3289,0,0
20519,35,33
12449,18,16
10165,3,0
10802,0,0
12233,0,0
4159,0,0
21459,5,1
5419,0,0
750,9,3
20409,9,7
8146,1,1
8924,0,0
21219,10,3
19755,9,3
6133,0,0
16510,2,1
21069,11,10
8203,0,0
16225,0,0
9017,0,0
5089,1,0
2350,0,0
9338,0,0
15722,5,3
15066,0,0
7257,0,0
3112,0,0
20695,26,23
19493,23,18
8104,0,0
21284,15,12
600,0,0
7503,0,0
18807,18,13
21834,69,67
7063,4,0
3389,0,0
1078,0,0
3872,0,0
20999,34,33
21688,18,16
13769,2,2
10473,3,2
8334,2,1
9313,0,0
10522,0,0
18163,3,1
17458,0,0
20993,9,0
8256,0,0
21406,4,1
21422,15,13
13740,0,0
751,2,1
16266,0,0
325,1,0
10174,0,0
3694,5,2
17904,0,0
4513,1,0
20807,20,17
15318,41,36
3804,0,0
16150,0,0
710,0,0
11297,3,1
8266,0,0
6440,0,0
18551,4,3
2761,2,1
13736,0,0
920,2,0
6746,1,0
3519,3,1
18203,0,0
11072,0,0
2039,0,0
8043,0,0
1664,4,3
14280,3,3
17102,1,1
1163,0,0
11816,1,0
8716,5,1
13690,0,0
497,0,0
4064,0,0
2806,2,2
895,6,4
4490,0,0
12594,0,0
1730,0,0
1619,2,1
11058,0,0
11872,0,0
16027,0,0
8421,0,0
424,2,0
8122,0,0
18774,21,16
9711,2,0
17729,0,0
15344,0,0
18222,0,0
8361,0,0
14409,12,10
4423,0,0
21215,8,5
2475,1,1
15539,0,0
4959,2,1
12313,5,2
3391,2,0
18857,25,22
14548,0,0
4386,0,0
14957,0,0
4314,0,0
9212,1,1
17825,2,0
17692,0,0
12834,0,0
11416,5,5
2086,7,5
18605,41,39
8487,0,0
20544,15,11
15386,0,0
14243,2,1
17415,0,0
17431,0,0
2343,0,0
6565,1,1
8028,0,0
12113,0,0
4975,10,9
19781,9,2
2516,1,1
11169,0,0
15061,0,0
18336,0,0
13204,2,0
6230,0,0
794,0,0
5134,1,1
2954,3,0
1041,3,2
20975,9,5
17813,0,0
16696,2,0
16552,1,1
6867,0,0
11272,4,3
12894,0,0
19512,12,5
4742,0,0
5999,3,2
14261,2,1
7830,0,0
2864,0,0
14839,8,7
3635,1,0
21682,28,24
17846,0,0
18472,1,1
15206,1,1
4889,5,3
1866,0,0
21581,33,31
15087,0,0
8932,0,0
10764,0,0
21687,34,31
7945,0,0
391,2,2
14617,3,0
19485,8,7
15414,0,0
8100,0,0
3063,0,0
2340,0,0
10833,0,0
18548,10,7
6182,0,0
16098,0,0
251,3,3
1622,0,0
11078,7,5
14009,0,0
8055,1,0
1948,1,1
6814,0,0
21511,19,15
19895,17,14
7494,12,12
19515,4,0
14362,1,0
5254,1,1
16830,0,0
13846,0,0
18716,11,9
14392,0,0
19591,15,13
3818,2,0
4737,0,0
4238,0,0
7192,0,0
7741,0,0
5840,3,0
11985,1,0
6355,0,0
8283,0,0
5021,0,0
4784,3,3
6502,0,0
6921,0,0
20945,9,3
8796,2,1
15258,0,0
16211,0,0
15189,0,0
2248,0,0
2645,0,0
16010,0,0
18758,7,4
1657,0,0
12615,0,0
15762,2,1
17024,1,1
14298,0,0
1886,0,0
3945,1,1
20431,21,17
20529,7,2
13268,0,0
15828,0,0
13091,7,7
17748,1,0
15570,1,0
10985,0,0
2773,1,1
3179,2,2
18236,0,0
879,1,1
11870,0,0
9019,1,0
9010,0,0
15321,0,0
4558,0,0
11627,2,2
4426,0,0
13100,1,1
2451,3,1
6417,1,0
8274,0,0
1128,4,4
21165,10,7
18046,0,0
6170,2,0
1194,2,0
3354,2,2
21991,20,18
8824,1,0
6714,1,1
5098,0,0
12320,0,0
1642,2,1
20988,25,23
17164,6,2
19026,20,18
4477,0,0
7982,3,1
5794,0,0
21703,11,6
6144,1,1
9655,0,0
11755,1,1
3532,0,0
11542,0,0
3366,1,1
8573,0,0
4222,1,1
3930,2,1
19473,18,13
21090,47,44
17497,0,0
4383,0,0
75,0,0
5705,0,0
19749,25,23
5664,0,0
